country,country_code,region,income_group,year,population_million,gdp_billion,gdp_per_capita,unemployment_rate,life_expectancy
Indonesia,IDN,South-East Asia,Lower-middle income,2015,261.8,860.85,3288.22,4.51,69.52
Indonesia,IDN,South-East Asia,Lower-middle income,2016,264.63,931.88,3521.47,4.3,69.73
Indonesia,IDN,South-East Asia,Lower-middle income,2017,267.35,1015.62,3798.88,3.78,69.95
Indonesia,IDN,South-East Asia,Lower-middle income,2018,269.95,1042.27,3860.95,4.39,70.08
Indonesia,IDN,South-East Asia,Lower-middle income,2019,272.49,1119.1,4106.95,3.59,70.35
Indonesia,IDN,South-East Asia,Lower-middle income,2020,274.81,1059.05,3853.7,4.26,68.82
Indonesia,IDN,South-East Asia,Lower-middle income,2021,276.76,1186.51,4287.17,3.83,67.45
Indonesia,IDN,South-East Asia,Lower-middle income,2022,278.83,1319.1,4730.83,3.46,70.92
Indonesia,IDN,South-East Asia,Lower-middle income,2023,281.19,1371.17,4876.3,3.31,71.15
Indonesia,IDN,South-East Asia,Lower-middle income,2024,283.49,1396.3,4925.44,3.3,71.29
Malaysia,MYS,South-East Asia,Upper-middle income,2015,31.23,301.36,9648.68,3.1,75.29
Malaysia,MYS,South-East Asia,Upper-middle income,2016,31.79,301.26,9476.53,3.44,75.37
Malaysia,MYS,South-East Asia,Upper-middle income,2017,32.36,319.11,9862.55,3.41,75.54
Malaysia,MYS,South-East Asia,Upper-middle income,2018,32.91,358.79,10901.8,3.3,75.73
Malaysia,MYS,South-East Asia,Upper-middle income,2019,33.44,365.18,10920.19,3.33,75.9
Malaysia,MYS,South-East Asia,Upper-middle income,2020,33.89,337.46,9957.53,4.54,76.06
Malaysia,MYS,South-East Asia,Upper-middle income,2021,34.28,373.78,10903.1,4.64,73.92
Malaysia,MYS,South-East Asia,Upper-middle income,2022,34.7,407.83,11754.57,3.93,75.44
Malaysia,MYS,South-East Asia,Upper-middle income,2023,35.13,399.95,11386.04,3.86,76.66
Malaysia,MYS,South-East Asia,Upper-middle income,2024,35.56,422.23,11874.43,3.85,76.82
Philippines,PHL,South-East Asia,Lower-middle income,2015,105.31,306.45,2909.86,3.07,69.45
Philippines,PHL,South-East Asia,Lower-middle income,2016,106.74,318.63,2985.2,2.7,69.49
Philippines,PHL,South-East Asia,Lower-middle income,2017,108.12,328.48,3038.12,2.55,69.97
Philippines,PHL,South-East Asia,Lower-middle income,2018,109.47,346.84,3168.51,2.34,69.76
Philippines,PHL,South-East Asia,Lower-middle income,2019,110.8,376.82,3400.79,2.24,69.68
Philippines,PHL,South-East Asia,Lower-middle income,2020,112.08,361.75,3227.58,2.52,70.1
Philippines,PHL,South-East Asia,Lower-middle income,2021,113.1,394.09,3484.39,3.4,66.68
Philippines,PHL,South-East Asia,Lower-middle income,2022,113.96,404.35,3548.07,2.6,69.47
Philippines,PHL,South-East Asia,Lower-middle income,2023,114.89,437.06,3804.08,2.2,69.83
Philippines,PHL,South-East Asia,Lower-middle income,2024,115.84,461.67,3985.29,2.2,69.95
Singapore,SGP,South-East Asia,High income,2015,5.54,308.0,55645.61,3.79,82.74
Singapore,SGP,South-East Asia,High income,2016,5.61,320.76,57204.03,4.08,82.85
Singapore,SGP,South-East Asia,High income,2017,5.61,344.8,61436.13,4.2,83.1
Singapore,SGP,South-East Asia,High income,2018,5.64,377.98,67032.82,3.61,83.3
Singapore,SGP,South-East Asia,High income,2019,5.7,376.83,66068.7,3.1,83.6
Singapore,SGP,South-East Asia,High income,2020,5.69,351.23,61772.5,4.1,83.54
Singapore,SGP,South-East Asia,High income,2021,5.45,441.11,80884.86,4.64,83.09
Singapore,SGP,South-East Asia,High income,2022,5.64,514.25,91227.7,3.59,82.9
Singapore,SGP,South-East Asia,High income,2023,5.92,511.18,86382.59,3.44,83.1
Singapore,SGP,South-East Asia,High income,2024,6.04,572.88,94896.56,2.74,83.35
Thailand,THA,South-East Asia,Upper-middle income,2015,70.54,401.3,5688.85,0.6,76.56
Thailand,THA,South-East Asia,Upper-middle income,2016,70.86,413.37,5833.58,0.69,76.77
Thailand,THA,South-East Asia,Upper-middle income,2017,71.16,456.36,6413.09,0.83,76.99
Thailand,THA,South-East Asia,Upper-middle income,2018,71.38,506.75,7099.78,0.76,77.19
Thailand,THA,South-East Asia,Upper-middle income,2019,71.52,543.98,7605.7,0.72,77.2
Thailand,THA,South-East Asia,Upper-middle income,2020,71.64,500.27,6983.03,1.1,77.33
Thailand,THA,South-East Asia,Upper-middle income,2021,71.73,506.05,7055.19,1.22,77.61
Thailand,THA,South-East Asia,Upper-middle income,2022,71.74,495.69,6910.01,0.94,75.29
Thailand,THA,South-East Asia,Upper-middle income,2023,71.7,517.01,7210.54,0.73,76.41
Thailand,THA,South-East Asia,Upper-middle income,2024,71.67,529.39,7386.64,0.78,76.56
